t_sec,method,frame_idx,x_px,y_px,z_mm,dot_x_px,dot_y_px,dot_dist_px,x_spiral_px,y_spiral_px,s_spiral_px,err_px,depth_window,valid_depth_fraction
256093.265000,hsv,86,1011.46,526.10,403.0,990.00,540.00,16.35,990.00,540.00,0.00,16.35,5,1.0
256093.296000,hsv,87,1014.31,526.19,401.0,990.35,540.30,17.52,990.00,540.00,0.00,17.49,5,1.0
256093.343000,hsv,88,1012.93,524.72,401.0,991.37,541.26,18.51,990.00,540.00,0.00,18.10,5,1.0
256093.375000,hsv,89,1011.51,524.67,402.0,992.04,541.92,18.47,990.00,540.00,0.00,17.59,5,1.0
256093.390000,hsv,90,1008.62,526.01,403.0,992.37,542.27,16.77,990.00,540.00,0.00,15.41,5,1.0
256093.437000,hsv,91,1011.37,528.94,401.0,993.33,543.34,15.31,990.00,540.00,0.00,13.96,5,1.0
256093.468000,hsv,92,1009.95,528.90,403.0,993.95,544.09,15.59,990.00,540.00,0.00,13.38,5,1.0
256093.500000,hsv,93,1014.22,529.04,402.0,994.56,544.87,16.97,990.35,540.30,0.46,15.28,5,1.0
256093.531000,hsv,94,1012.80,528.99,403.0,995.15,545.67,17.27,990.00,540.00,0.00,14.61,5,1.0
256093.562000,hsv,95,1011.37,528.94,403.0,995.71,546.50,17.78,990.00,540.00,0.00,13.96,5,1.0
256093.593000,hsv,96,1015.60,530.50,402.0,996.26,547.35,17.70,991.37,541.26,1.86,14.91,5,1.0
256093.625000,hsv,97,1014.13,531.88,404.0,996.79,548.23,16.78,991.37,541.26,1.86,13.15,5,1.0
256093.656000,hsv,98,1015.55,531.93,404.0,997.30,549.13,17.75,991.71,541.59,2.33,13.87,5,1.0
256093.703000,hsv,99,1014.04,534.73,402.0,998.02,550.52,15.99,992.37,542.27,3.28,11.11,5,1.0
256093.734000,hsv,100,1012.52,537.53,404.0,998.47,551.48,13.98,993.02,542.98,4.24,8.39,5,1.0
256093.765000,hsv,101,1015.33,539.05,402.0,998.90,552.46,13.66,994.26,544.48,6.19,9.05,5,1.0
256093.796000,hsv,102,1013.77,543.27,404.0,999.31,553.46,10.24,995.71,546.50,8.68,5.63,5,1.0
256093.828000,hsv,103,1015.05,547.59,404.0,999.69,554.49,7.08,997.55,549.59,12.27,4.25,5,1.0
256093.875000,hsv,104,1017.95,546.25,404.0,1000.21,556.06,10.33,997.55,549.59,12.27,6.79,5,1.0
256093.921000,hsv,105,1017.63,556.22,402.0,1000.67,557.68,2.94,1000.53,557.13,20.40,2.85,5,1.0
256093.937000,hsv,106,1015.01,549.01,403.0,1000.82,558.23,9.23,998.02,550.52,13.32,3.57,5,1.0
256093.968000,hsv,107,1013.59,548.96,403.0,1001.08,559.34,10.41,997.79,550.05,12.80,2.64,5,1.0
256094.015000,hsv,108,1016.39,550.48,403.0,1001.41,561.04,10.59,998.69,551.97,14.92,3.90,5,1.0
256094.046000,hsv,109,1016.39,550.48,404.0,1001.60,562.19,11.73,998.69,551.97,14.92,3.90,5,1.0
256094.078000,hsv,110,1017.72,553.37,402.0,1001.76,563.36,10.10,999.69,554.49,17.63,3.77,5,1.0
256094.109000,hsv,111,1017.68,554.79,402.0,1001.89,564.54,9.84,1000.04,555.53,18.73,3.30,5,1.0
256094.140000,hsv,112,1017.63,556.22,400.0,1001.94,565.14,9.01,1000.53,557.13,20.40,2.85,5,1.0
256094.187000,hsv,113,1018.92,560.53,403.0,1002.05,566.95,6.77,1001.41,561.04,24.41,2.82,5,1.0
256094.203000,hsv,114,1018.60,570.50,403.0,1002.07,567.57,3.48,1002.06,570.66,34.07,1.90,5,1.0
256094.234000,hsv,115,1015.98,563.29,403.0,1002.09,568.80,5.51,1001.76,563.36,26.75,0.23,5,1.0
256094.265000,hsv,116,1017.31,566.18,403.0,1002.08,570.04,3.96,1002.02,566.35,29.75,0.97,5,1.0
256094.328000,hsv,117,1018.69,567.65,404.0,1001.95,572.56,5.32,1002.07,567.57,30.97,1.95,5,1.0
256094.359000,hsv,118,1020.07,569.12,404.0,1001.83,573.83,5.70,1002.09,568.80,32.21,2.98,5,1.0
256094.390000,hsv,119,1018.65,569.07,403.0,1001.68,575.11,6.46,1002.09,568.80,32.21,1.91,5,1.0
256094.421000,hsv,120,1018.60,570.50,404.0,1001.50,576.40,6.39,1002.06,570.66,34.07,1.90,5,1.0
256094.453000,hsv,121,1018.51,573.35,404.0,1001.28,577.69,5.07,1001.90,573.19,36.61,1.99,5,1.0
256094.484000,hsv,122,1015.66,573.26,403.0,1001.03,578.99,5.78,1001.90,573.19,36.61,0.16,5,1.0
256094.515000,hsv,123,1018.24,581.89,402.0,1000.74,580.30,3.34,1000.58,580.95,44.49,3.24,5,1.0
256094.546000,hsv,124,1007.35,565.87,407.0,1000.41,581.61,16.49,1001.94,565.14,28.55,6.47,5,1.0
256094.578000,hsv,125,1012.63,578.86,405.0,1000.05,582.92,4.10,1001.03,578.99,42.48,1.56,5,1.0
256094.609000,hsv,126,1012.59,580.28,407.0,999.65,584.23,3.95,1000.74,580.30,43.81,1.29,5,1.0
256094.640000,hsv,127,1013.97,581.75,405.0,999.21,585.55,4.00,1000.41,581.61,45.16,0.16,5,1.0
256094.671000,hsv,128,1013.61,593.14,405.0,998.74,586.86,6.45,996.79,591.45,55.66,3.81,5,1.0
256094.703000,hsv,129,1009.56,585.89,407.0,998.23,588.17,2.52,998.98,586.20,49.98,1.84,5,1.0
256094.734000,hsv,130,1009.52,587.31,407.0,997.68,589.49,2.24,998.49,587.52,51.38,1.37,5,1.0
256094.765000,hsv,131,1001.29,577.07,410.0,997.10,590.80,15.03,1001.03,578.99,42.48,10.24,5,1.0
256094.796000,hsv,132,1006.58,590.07,407.0,996.48,592.10,2.55,997.10,590.80,54.94,2.28,5,1.0
256094.828000,hsv,133,1010.58,598.74,403.0,995.82,593.40,5.75,994.00,596.62,61.54,4.46,5,1.0
256094.875000,hsv,134,1002.26,591.35,407.0,994.76,595.34,5.03,995.82,593.40,57.84,4.60,5,1.0
256094.906000,hsv,135,1003.55,595.67,407.0,994.00,596.62,1.65,994.00,596.62,61.54,1.65,5,1.0
256094.937000,hsv,136,1001.95,601.32,405.0,993.21,597.90,3.84,991.07,601.05,66.85,0.47,5,1.0
256094.984000,hsv,137,999.23,596.96,409.0,991.96,599.80,3.80,992.38,599.17,64.56,3.69,5,1.0
256095.015000,hsv,138,999.14,599.80,407.0,991.52,600.42,2.25,991.07,601.05,66.85,2.12,5,1.0
256095.062000,hsv,139,1003.10,609.90,407.0,990.15,602.29,7.92,987.68,605.33,72.31,6.52,5,1.0
256095.093000,hsv,140,1001.90,602.74,405.0,989.19,603.51,2.37,990.61,601.67,67.62,1.34,5,1.0
256095.140000,hsv,141,997.58,604.03,410.0,987.68,605.33,1.39,988.70,604.12,70.74,0.52,5,1.0
256095.171000,hsv,142,998.92,606.92,407.0,986.63,606.52,2.59,987.68,605.33,72.31,2.19,5,1.0
256095.203000,hsv,143,993.18,608.16,408.0,985.54,607.69,0.81,984.98,608.27,76.31,0.15,5,1.0
256095.234000,hsv,144,997.13,618.26,407.0,984.42,608.85,10.02,981.45,611.66,81.21,9.20,5,1.0
256095.265000,hsv,145,994.51,611.06,409.0,983.26,609.99,2.84,983.84,609.42,77.93,2.62,5,1.0
256095.296000,hsv,146,991.62,612.39,408.0,982.06,611.11,2.09,982.06,611.11,80.38,2.09,5,1.0
256095.328000,hsv,147,997.04,621.11,407.0,980.83,612.21,11.30,980.20,612.75,82.86,11.29,5,1.0
256095.359000,hsv,148,988.64,616.57,408.0,979.56,613.29,3.80,978.91,613.82,84.54,3.76,5,1.0
256095.406000,hsv,149,990.01,618.04,408.0,977.59,614.86,5.86,978.91,613.82,84.54,5.55,5,1.0
256095.437000,hsv,150,991.17,626.62,408.0,976.24,615.88,12.90,975.55,616.38,88.77,12.89,5,1.0
256095.468000,hsv,151,982.81,620.66,410.0,974.85,616.88,4.40,974.85,616.88,89.62,4.40,5,1.0
256095.500000,hsv,152,982.72,623.51,410.0,973.43,617.85,6.71,973.43,617.85,91.35,6.71,5,1.0
256095.546000,hsv,153,979.87,623.42,411.0,971.23,619.26,5.54,971.97,618.80,93.08,5.47,5,1.0
256095.578000,hsv,154,981.34,622.04,410.0,969.73,620.16,6.55,973.43,617.85,91.35,4.92,5,1.0
256095.609000,hsv,155,986.81,629.34,407.0,968.20,621.04,14.51,972.70,618.33,92.21,13.27,5,1.0
256095.640000,hsv,156,976.80,630.44,409.0,966.63,621.88,10.43,967.42,621.46,98.36,10.37,5,1.0
256095.656000,hsv,157,971.42,620.30,411.0,965.84,622.29,3.38,968.97,620.60,96.59,0.51,5,1.0
256095.703000,hsv,158,972.89,618.92,410.0,963.41,623.48,7.74,970.49,619.71,94.83,1.14,5,1.0
256095.734000,hsv,159,968.71,615.94,412.0,961.75,624.23,9.57,968.97,620.60,96.59,5.26,5,1.0
256095.765000,hsv,160,957.59,607.03,413.0,960.07,624.95,18.02,965.84,622.29,100.15,17.07,5,1.0
256095.796000,hsv,161,964.44,615.80,409.0,958.36,625.63,11.02,966.63,621.88,99.25,6.92,5,1.0
256095.843000,hsv,162,958.74,615.62,410.0,955.74,626.60,11.47,962.58,623.86,103.76,8.96,5,1.0
256095.875000,hsv,163,951.62,615.39,410.0,953.96,627.19,11.80,957.49,625.96,109.27,11.22,5,1.0
256095.906000,hsv,164,950.20,615.35,411.0,953.06,627.47,12.13,956.62,626.28,110.20,11.63,5,1.0
256095.937000,hsv,165,945.93,615.21,409.0,951.24,628.02,12.93,953.06,627.47,113.95,12.78,5,1.0
256095.968000,hsv,166,938.77,616.41,410.0,949.40,628.52,13.23,946.59,629.20,120.65,13.03,5,1.0
256096.000000,hsv,167,934.45,617.70,411.0,947.53,628.98,13.12,942.77,629.97,124.54,12.42,5,1.0
256096.031000,hsv,168,928.71,618.94,412.0,945.64,629.40,13.88,937.88,630.69,129.49,11.83,5,1.0
256096.062000,hsv,169,925.91,617.42,411.0,943.74,629.79,15.47,935.89,630.91,131.49,13.56,5,1.0
256096.093000,hsv,170,923.11,615.91,410.0,941.80,630.13,17.09,932.88,631.15,134.51,15.25,5,1.0
256096.125000,hsv,171,914.48,618.49,412.0,939.85,630.43,18.40,925.71,631.32,141.68,12.84,5,1.0
256096.171000,hsv,172,914.48,618.49,414.0,936.89,630.81,16.54,925.71,631.32,141.68,12.84,5,1.0
256096.203000,hsv,173,910.21,618.35,412.0,934.89,631.00,17.60,921.54,631.17,145.86,12.87,5,1.0
256096.234000,hsv,174,907.36,618.26,414.0,932.88,631.15,17.86,919.44,631.02,147.96,12.81,5,1.0
256096.265000,hsv,175,901.62,619.50,413.0,930.85,631.26,18.77,915.21,630.58,152.21,11.12,5,1.0
256096.296000,hsv,176,900.20,619.46,411.0,928.80,631.32,18.09,913.09,630.29,154.36,11.03,5,1.0
256096.343000,hsv,177,897.35,619.37,412.0,925.71,631.32,17.44,910.95,629.95,156.52,10.78,5,1.0
256096.359000,hsv,178,890.19,620.56,412.0,924.67,631.30,20.13,905.61,628.88,161.97,8.56,5,1.0
256096.406000,hsv,179,884.54,618.96,413.0,921.54,631.17,21.86,901.32,627.79,166.40,9.08,5,1.0
256096.437000,hsv,180,883.11,618.91,412.0,919.44,631.02,20.96,900.25,627.49,167.51,8.83,5,1.0
256096.468000,hsv,181,881.69,618.87,411.0,917.33,630.83,20.02,899.17,627.18,168.63,8.57,5,1.0
256096.500000,hsv,182,881.69,618.87,412.0,915.21,630.58,18.21,899.17,627.18,168.63,8.57,5,1.0
256096.531000,hsv,183,878.80,620.20,412.0,913.09,630.29,17.25,897.03,626.51,170.87,6.64,5,1.0
256096.578000,hsv,184,874.53,620.07,414.0,909.89,629.76,17.02,893.82,625.41,174.26,5.73,5,1.0
256096.593000,hsv,185,874.53,620.07,413.0,908.82,629.56,16.03,893.82,625.41,174.26,5.73,5,1.0
256096.625000,hsv,186,871.64,621.40,412.0,906.68,629.12,15.08,892.75,625.02,175.40,3.75,5,1.0
256096.656000,hsv,187,867.41,619.84,413.0,904.54,628.62,16.51,888.49,623.33,179.99,4.05,5,1.0
256096.703000,hsv,188,864.61,618.33,411.0,901.32,627.79,15.97,886.38,622.40,182.30,4.57,5,1.0
256096.734000,hsv,189,847.75,610.66,416.0,899.17,627.18,28.61,872.87,615.13,197.65,5.35,5,1.0
256096.750000,hsv,190,853.31,615.12,413.0,898.10,626.85,21.59,878.00,618.19,191.68,3.65,5,1.0
256096.796000,hsv,191,847.71,612.09,411.0,895.96,626.16,24.60,873.89,615.77,196.45,4.14,5,1.0
256096.828000,hsv,192,837.79,610.35,415.0,893.82,625.41,29.60,867.84,611.76,203.70,1.50,5,1.0
256096.859000,hsv,193,836.45,607.46,413.0,891.69,624.62,29.79,865.87,610.32,206.15,3.22,5,1.0
256096.921000,hsv,194,833.65,605.94,412.0,887.43,622.87,27.91,862.94,608.07,209.84,3.13,5,1.0
256096.953000,hsv,195,829.43,604.38,412.0,885.32,621.92,29.12,861.02,606.50,212.32,2.37,5,1.0
256096.984000,hsv,196,818.36,594.06,414.0,883.22,620.92,39.86,850.90,597.02,226.19,4.12,5,1.0
256097.031000,hsv,197,820.93,602.69,413.0,880.08,619.32,29.51,856.32,602.38,218.58,0.69,5,1.0
256097.062000,hsv,198,820.98,601.26,412.0,878.00,618.19,27.97,855.40,601.51,219.84,0.42,5,1.0
256097.109000,hsv,199,815.37,598.24,412.0,874.91,616.39,29.60,851.79,597.94,224.92,0.39,5,1.0
256097.140000,hsv,200,811.15,596.68,411.0,872.87,615.13,30.68,849.16,595.14,228.76,1.73,5,1.0
256097.171000,hsv,201,805.50,595.07,413.0,870.85,613.82,32.64,846.60,592.23,232.63,3.77,5,1.0
256097.203000,hsv,202,804.12,593.60,413.0,868.84,612.46,31.92,845.76,591.23,233.93,3.57,5,1.0
256097.234000,hsv,203,799.90,592.04,409.0,866.85,611.05,32.96,844.12,589.21,236.54,5.06,5,1.0
256097.265000,hsv,204,799.99,589.20,413.0,864.88,609.58,32.18,842.51,587.15,239.16,3.25,5,1.0
256097.296000,hsv,205,795.72,589.06,413.0,862.94,608.07,32.33,841.71,586.10,240.47,5.75,5,1.0
256097.343000,hsv,206,795.81,586.21,413.0,860.06,605.70,30.31,840.16,583.96,243.12,4.00,5,1.0
256097.375000,hsv,207,790.11,586.03,411.0,858.18,604.06,31.31,838.64,581.78,245.77,7.40,5,1.0
256097.406000,hsv,208,788.82,581.72,413.0,856.32,602.38,32.20,836.44,578.44,249.78,5.83,5,1.0
256097.453000,hsv,209,786.07,578.78,414.0,853.58,599.75,31.89,835.02,576.15,252.46,6.07,5,1.0
256097.484000,hsv,210,783.36,574.42,413.0,851.79,597.94,33.80,832.32,571.46,257.88,5.64,5,1.0
256097.515000,hsv,211,782.02,571.53,412.0,850.03,596.08,34.00,831.03,569.06,260.61,5.15,5,1.0
256097.546000,hsv,212,780.69,568.63,413.0,848.30,594.18,34.23,829.79,566.61,263.35,4.73,5,1.0
256097.578000,hsv,213,779.36,565.74,412.0,846.60,592.23,34.48,828.60,564.13,266.10,4.39,5,1.0
256097.609000,hsv,214,778.02,562.85,411.0,844.94,590.23,34.76,827.45,561.61,268.87,4.12,5,1.0
256097.640000,hsv,215,778.07,561.42,412.0,844.12,589.21,34.57,826.89,560.33,270.26,3.52,5,1.0
256097.671000,hsv,216,773.84,559.87,412.0,842.51,587.15,35.12,825.82,557.76,273.05,5.83,5,1.0
256097.703000,hsv,217,776.78,557.11,413.0,840.93,585.03,33.41,825.30,556.46,274.45,2.79,5,1.0
256097.734000,hsv,218,775.49,552.79,412.0,839.40,582.88,34.94,823.82,552.51,278.67,2.22,5,1.0
256097.765000,hsv,219,772.78,548.43,411.0,837.90,580.68,37.08,822.03,547.12,284.35,2.77,5,1.0
256097.796000,hsv,220,772.83,547.01,409.0,836.44,578.44,35.65,821.62,545.76,285.77,2.36,5,1.0
256097.828000,hsv,221,768.65,544.03,408.0,835.02,576.15,37.09,820.83,543.01,288.64,4.46,5,1.0
256097.875000,hsv,222,770.21,539.80,408.0,832.98,572.65,36.25,819.75,538.82,292.96,2.32,5,1.0
256097.906000,hsv,223,768.87,536.91,409.0,831.67,570.26,36.58,819.11,536.00,295.85,2.62,5,1.0
256097.937000,hsv,224,766.12,533.97,407.0,830.41,567.84,37.38,818.52,533.15,298.77,4.01,5,1.0
256097.968000,hsv,225,764.78,531.08,409.0,829.19,565.37,37.68,817.98,530.27,301.69,4.47,5,1.0
256098.000000,hsv,226,763.41,529.61,410.0,828.02,562.87,36.68,817.74,528.82,303.16,5.24,5,1.0
256098.031000,hsv,227,763.50,526.76,410.0,826.89,560.33,36.48,817.29,525.91,306.10,4.75,5,1.0
256098.062000,hsv,228,762.12,525.29,409.0,825.82,557.76,35.45,817.09,524.45,307.58,5.57,5,1.0
256098.109000,hsv,229,760.74,523.82,409.0,824.30,553.83,33.01,816.91,522.98,309.06,6.41,5,1.0
256098.156000,hsv,230,756.51,522.27,411.0,822.90,549.83,31.63,816.74,521.50,310.55,9.38,5,1.0
256098.187000,hsv,231,758.03,519.46,410.0,822.03,547.12,30.78,816.45,518.54,313.53,7.98,5,1.0
256098.218000,hsv,232,756.61,519.42,410.0,821.22,544.39,28.51,816.45,518.54,313.53,9.03,5,1.0
256098.250000,hsv,233,756.70,516.57,412.0,820.46,541.62,28.19,816.21,515.55,316.52,8.75,5,1.0
256098.281000,hsv,234,755.23,517.95,410.0,819.75,538.82,24.77,816.32,517.05,315.02,9.94,5,1.0
256098.312000,hsv,235,756.70,516.57,408.0,819.11,536.00,22.62,816.21,515.55,316.52,8.75,5,1.0
256098.359000,hsv,236,755.32,515.10,410.0,818.24,531.71,20.35,816.12,514.06,318.02,9.69,5,1.0
256098.375000,hsv,237,755.36,513.68,nan,817.98,530.27,20.16,816.04,512.55,319.53,9.59,5,0.0
256098.421000,hsv,238,755.41,512.26,nan,817.29,525.91,17.37,816.04,512.55,319.53,9.49,5,0.0
256098.453000,hsv,239,754.03,510.79,410.0,816.91,522.98,16.68,815.98,511.04,321.04,10.46,5,1.0
256098.484000,hsv,240,754.12,507.94,410.0,816.58,520.02,16.34,815.91,508.02,324.06,10.32,5,1.0
256098.515000,hsv,241,752.79,505.05,408.0,816.45,518.54,17.96,815.89,504.98,327.10,11.30,5,1.0
256098.562000,hsv,242,751.55,499.31,nan,816.12,514.06,19.31,816.00,500.39,331.69,12.39,5,0.0
256098.593000,hsv,243,750.21,496.42,406.0,815.98,511.04,19.79,816.15,497.32,334.76,13.52,5,1.0
256098.625000,hsv,244,749.01,489.25,404.0,815.91,508.02,23.50,816.64,491.15,340.95,15.00,5,1.0
256098.656000,hsv,245,749.11,486.41,405.0,815.89,504.98,23.30,816.99,488.06,344.07,15.25,5,1.0
256098.703000,hsv,246,749.20,483.56,402.0,816.00,500.39,21.96,817.41,484.95,347.20,15.57,5,1.0
256098.750000,hsv,247,749.33,479.29,nan,816.25,495.78,21.80,817.89,481.85,350.34,16.09,5,0.0
256098.781000,hsv,248,749.42,476.44,nan,816.49,492.70,21.74,818.44,478.74,353.50,16.53,5,0.0
256098.812000,hsv,249,750.98,472.22,399.0,816.81,489.60,22.06,819.05,475.63,356.67,16.18,5,1.0
256098.843000,hsv,250,749.65,469.32,402.0,817.19,486.51,22.78,819.74,472.52,359.85,17.79,5,1.0
256098.875000,hsv,251,751.16,466.52,nan,817.64,483.40,22.10,820.11,470.97,361.45,17.31,5,0.0
256098.906000,hsv,252,752.68,463.72,398.0,818.15,480.29,21.47,820.89,467.86,364.65,16.90,5,1.0
256098.937000,hsv,253,754.28,458.07,397.0,818.74,477.19,23.13,822.20,463.21,369.49,17.27,5,1.0
256098.968000,hsv,254,757.31,452.47,394.0,819.39,474.08,24.43,823.67,458.57,374.35,16.83,5,1.0
256099.000000,hsv,255,760.25,449.71,nan,820.11,470.97,23.46,824.73,455.49,377.61,15.65,5,0.0
256099.031000,hsv,256,764.65,445.58,400.0,820.89,467.86,23.48,826.45,450.89,382.52,14.01,5,1.0
256099.062000,hsv,257,769.01,442.86,nan,821.75,464.76,22.46,827.68,447.84,385.82,12.00,5,0.0
256099.109000,hsv,258,771.91,441.53,399.0,823.16,460.12,19.06,828.33,446.31,387.47,10.54,5,1.0
256099.140000,hsv,259,773.38,440.15,398.0,824.19,457.03,17.38,828.99,444.80,389.12,10.09,5,1.0
256099.171000,hsv,260,777.74,437.44,399.0,825.28,453.95,16.63,831.07,440.27,394.11,8.27,5,1.0
256099.218000,hsv,261,779.30,433.22,396.0,827.06,449.36,16.35,832.55,437.27,397.45,9.04,5,1.0
256099.250000,hsv,262,780.77,431.84,396.0,828.33,446.31,14.74,833.31,435.78,399.13,8.68,5,1.0
256099.296000,hsv,263,783.79,426.23,398.0,830.36,441.77,15.74,835.70,431.33,404.17,9.37,5,1.0
256099.343000,hsv,264,788.24,420.68,395.0,832.55,437.27,16.65,839.13,425.49,410.95,9.29,5,1.0
256099.375000,hsv,265,794.30,409.47,396.0,834.09,434.29,24.88,844.78,416.91,421.22,11.72,5,1.0
256099.406000,hsv,266,797.28,405.29,396.0,834.89,432.81,27.69,847.83,412.72,426.40,12.36,5,1.0
256099.437000,hsv,267,798.84,401.06,393.0,836.54,429.86,28.92,849.95,409.97,429.87,14.01,5,1.0
256099.468000,hsv,268,803.25,396.93,391.0,838.25,426.94,30.30,853.24,405.91,435.11,14.05,5,1.0
256099.515000,hsv,269,804.81,392.70,391.0,840.95,422.60,30.02,855.52,403.24,438.61,15.91,5,1.0
256099.546000,hsv,270,809.22,388.57,nan,842.83,419.74,31.44,859.06,399.32,443.90,16.22,5,0.0
256099.578000,hsv,271,813.62,384.43,392.0,844.78,416.91,32.93,862.74,395.48,449.21,16.70,5,1.0
256099.609000,hsv,272,816.60,380.25,390.0,846.80,414.11,34.33,865.27,392.98,452.77,18.06,5,1.0
256099.656000,hsv,273,819.59,376.07,390.0,849.95,409.97,34.23,867.86,390.52,456.35,19.54,5,1.0
256099.671000,hsv,274,823.99,371.94,378.0,851.03,408.61,37.33,871.86,386.91,461.73,20.40,5,1.0
256099.703000,hsv,275,828.40,367.80,382.0,853.24,405.91,38.95,874.60,384.56,465.34,21.40,5,1.0
256099.734000,hsv,276,832.76,365.09,387.0,855.52,403.24,39.21,877.40,382.27,468.96,21.44,5,1.0
256099.765000,hsv,277,837.12,362.38,390.0,857.86,400.62,39.52,880.26,380.02,472.60,21.57,5,1.0
256099.796000,hsv,278,841.44,361.09,386.0,860.27,398.03,38.48,883.18,377.83,476.25,20.65,5,1.0
256099.843000,hsv,279,847.18,359.85,389.0,863.99,394.22,36.21,886.15,375.68,479.91,19.15,5,1.0
256099.875000,hsv,280,851.49,358.56,nan,866.56,391.74,35.30,889.18,373.59,483.59,18.37,5,0.0
256099.906000,hsv,281,857.19,358.74,386.0,869.18,389.30,33.49,892.26,371.56,487.28,15.87,5,1.0
256099.953000,hsv,282,861.50,357.46,387.0,873.22,385.73,31.08,893.82,370.57,489.13,15.20,5,1.0
256099.968000,hsv,283,865.77,357.59,385.0,874.60,384.56,30.73,896.98,368.62,492.84,13.42,5,1.0
256100.000000,hsv,284,870.09,356.31,388.0,877.40,382.27,30.07,898.58,367.67,494.70,12.85,5,1.0
256100.046000,hsv,285,875.78,356.49,384.0,881.71,378.92,27.05,901.81,365.81,498.44,10.57,5,1.0
256100.062000,hsv,286,878.63,356.58,386.0,883.18,377.83,26.48,903.45,364.91,500.31,9.46,5,1.0
256100.093000,hsv,287,881.48,356.67,387.0,886.15,375.68,24.19,905.10,364.01,502.18,8.36,5,1.0
256100.125000,hsv,288,885.75,356.80,382.0,889.18,373.59,22.61,906.76,363.14,504.06,6.79,5,1.0
256100.156000,hsv,289,888.60,356.89,383.0,892.26,371.56,20.41,908.44,362.28,505.94,5.74,5,1.0
256100.203000,hsv,290,892.91,355.61,382.0,896.98,368.62,18.19,911.82,360.61,509.72,5.44,5,1.0
256100.234000,hsv,291,894.34,355.65,388.0,900.19,366.73,15.31,913.53,359.80,511.61,4.99,5,1.0
256100.265000,hsv,292,901.54,353.03,382.0,901.81,365.81,19.21,918.72,357.46,517.30,5.12,5,1.0
256100.312000,hsv,293,907.24,353.21,385.0,906.76,363.14,16.89,922.24,355.98,521.12,3.31,5,1.0
256100.359000,hsv,294,910.08,353.30,385.0,911.82,360.61,12.99,924.02,355.27,523.03,2.45,5,1.0
256100.390000,hsv,295,918.76,349.30,385.0,915.25,359.00,16.89,931.22,352.60,530.72,3.93,5,1.0
256100.437000,hsv,296,923.03,349.44,378.0,920.48,356.71,13.86,933.04,351.97,532.65,2.65,5,1.0
256100.468000,hsv,297,930.20,348.24,379.0,924.02,355.27,15.34,938.58,350.21,538.46,2.17,5,1.0
256100.500000,hsv,298,935.98,345.58,380.0,927.60,353.90,16.62,942.31,349.12,542.35,3.56,5,1.0
256100.531000,hsv,299,941.67,345.76,382.0,931.22,352.60,16.52,946.08,348.10,546.25,2.35,5,1.0
256100.562000,hsv,300,948.84,344.56,378.0,934.88,351.37,18.08,951.80,346.72,552.13,2.17,5,1.0
256100.593000,hsv,301,953.11,344.70,373.0,938.58,350.21,17.16,955.65,345.90,556.07,1.46,5,1.0
256100.625000,hsv,302,958.80,344.88,380.0,942.31,349.12,17.31,959.53,345.15,560.02,0.51,5,1.0
256100.656000,hsv,303,966.01,342.26,381.0,946.08,348.10,19.33,965.41,344.17,565.98,2.12,5,1.0
256100.687000,hsv,304,973.13,342.48,382.0,949.89,347.16,20.50,969.36,343.62,569.97,1.24,5,1.0
256100.718000,hsv,305,978.82,342.66,384.0,953.72,346.30,20.71,973.33,343.15,573.97,0.93,5,1.0
256100.765000,hsv,306,984.52,342.84,382.0,959.53,345.15,18.99,979.33,342.59,579.99,0.98,5,1.0
256100.796000,hsv,307,990.16,344.45,380.0,963.44,344.48,19.18,983.36,342.33,584.03,2.25,5,1.0
256100.828000,hsv,308,992.97,345.96,378.0,967.38,343.89,17.47,985.38,342.22,586.05,3.80,5,1.0
256100.859000,hsv,309,1001.33,351.93,378.0,971.34,343.38,21.43,991.46,342.03,592.14,9.91,5,1.0
256100.890000,hsv,310,1004.40,344.90,375.0,975.32,342.94,18.08,993.50,342.01,594.18,2.89,5,1.0
256100.921000,hsv,311,1008.67,345.04,376.0,979.33,342.59,17.35,995.54,342.01,596.22,3.17,5,1.0
256100.953000,hsv,312,1012.85,348.02,379.0,983.36,342.33,17.25,999.63,342.08,600.31,5.94,5,1.0
256100.984000,hsv,313,1020.06,345.40,376.0,987.40,342.14,17.94,1005.78,342.33,606.47,3.15,5,1.0
256101.031000,hsv,314,1025.71,347.00,378.0,993.50,342.01,16.55,1009.90,342.61,610.59,4.44,5,1.0
256101.062000,hsv,315,1029.98,347.14,378.0,997.58,342.04,15.75,1011.96,342.78,612.66,4.39,5,1.0
256101.093000,hsv,316,1037.10,347.37,381.0,999.63,342.08,18.95,1018.15,343.42,618.88,3.96,5,1.0
256101.125000,hsv,317,1045.68,346.21,378.0,1005.78,342.33,18.88,1024.35,344.26,625.14,1.96,5,1.0
256101.156000,hsv,318,1053.86,357.87,377.0,1007.84,342.46,27.32,1032.62,345.67,633.53,12.40,5,1.0
256101.203000,hsv,319,1068.23,354.06,377.0,1014.02,342.97,29.33,1042.93,347.94,644.09,6.36,5,1.0
256101.234000,hsv,320,1073.93,354.24,377.0,1018.15,343.42,29.36,1047.05,349.00,648.34,5.48,5,1.0
256101.265000,hsv,321,1076.73,355.75,376.0,1022.28,343.96,27.88,1049.10,349.56,650.47,6.38,5,1.0
256101.296000,hsv,322,1082.51,353.09,375.0,1026.42,344.58,26.85,1053.20,350.75,654.74,2.68,5,1.0
256101.343000,hsv,323,1088.21,353.27,372.0,1032.62,345.67,24.73,1057.29,352.03,659.02,1.67,5,1.0
256101.375000,hsv,324,1093.63,361.99,373.0,1036.75,346.51,28.12,1063.39,354.12,665.47,8.48,5,1.0
256101.406000,hsv,325,1098.26,350.74,374.0,1040.87,347.44,23.06,1063.39,354.12,665.47,3.40,5,1.0
256101.437000,hsv,326,1102.44,353.72,374.0,1044.99,348.46,22.47,1065.42,354.86,667.63,1.82,5,1.0
256101.484000,hsv,327,1108.09,355.32,372.0,1051.15,350.15,20.58,1071.47,357.21,674.12,1.93,5,1.0
256101.515000,hsv,328,1112.32,356.88,374.0,1055.24,351.38,19.77,1073.48,358.03,676.29,1.38,5,1.0
256101.546000,hsv,329,1119.34,359.96,372.0,1059.33,352.71,21.44,1079.47,360.65,682.83,0.69,5,1.0
256101.578000,hsv,330,1127.79,363.08,370.0,1063.39,354.12,24.17,1085.40,363.45,689.39,0.58,5,1.0
256101.609000,hsv,331,1131.97,366.06,372.0,1067.44,355.62,23.94,1089.32,365.44,693.79,0.71,5,1.0
256101.656000,hsv,332,1139.14,364.86,375.0,1073.48,358.03,21.96,1093.22,367.50,698.19,2.88,5,1.0
256101.671000,hsv,333,1147.63,366.56,372.0,1075.48,358.88,26.38,1099.00,370.76,704.83,4.55,5,1.0
256101.703000,hsv,334,1153.33,366.74,375.0,1079.47,360.65,26.24,1100.91,371.89,707.05,6.58,5,1.0
256101.750000,hsv,335,1156.08,369.67,371.0,1085.40,363.45,22.54,1104.70,374.22,711.50,5.12,5,1.0
256101.765000,hsv,336,1160.31,371.23,373.0,1087.37,364.43,23.86,1106.59,375.41,713.73,5.55,5,1.0
256101.812000,hsv,337,1165.87,375.69,375.0,1093.22,367.50,22.71,1112.18,379.12,720.44,4.09,5,1.0
256101.859000,hsv,338,1169.96,381.52,377.0,1099.00,370.76,21.37,1117.68,383.02,727.18,1.52,5,1.0
256101.890000,hsv,339,1176.98,384.59,379.0,1102.81,373.05,23.03,1121.29,385.72,731.69,1.83,5,1.0
256101.921000,hsv,340,1184.01,387.66,378.0,1106.59,375.41,24.68,1126.63,389.92,738.49,2.65,5,1.0
256101.953000,hsv,341,1190.77,399.28,376.0,1110.32,377.86,31.24,1135.28,397.33,749.88,2.94,5,1.0
256101.984000,hsv,342,1192.28,396.48,377.0,1112.18,379.12,28.05,1133.57,395.81,747.59,0.92,5,1.0
256102.015000,hsv,343,1195.04,399.41,378.0,1115.86,381.70,27.04,1136.97,398.88,752.17,0.88,5,1.0
256102.062000,hsv,344,1200.60,403.86,377.0,1121.29,385.72,26.39,1141.96,403.62,759.05,1.54,5,1.0
256102.093000,hsv,345,1204.78,406.85,380.0,1124.86,388.50,26.21,1143.60,405.24,761.36,1.61,5,1.0
256102.109000,hsv,346,1207.13,422.60,375.0,1126.63,389.92,37.65,1153.11,415.35,775.24,10.63,5,1.0
256102.156000,hsv,347,1211.62,415.61,381.0,1131.86,394.31,27.17,1151.57,413.62,772.92,3.48,5,1.0
256102.187000,hsv,348,1214.33,419.98,378.0,1135.28,397.33,27.42,1154.65,417.10,777.57,4.84,5,1.0
256102.234000,hsv,349,1217.00,425.76,378.0,1140.31,402.02,26.80,1157.67,420.66,782.23,7.09,5,1.0
256102.265000,hsv,350,1219.57,434.39,378.0,1143.60,405.24,31.19,1163.51,427.98,791.60,10.91,5,1.0
256102.296000,hsv,351,1220.82,440.13,378.0,1146.83,408.53,32.80,1166.33,431.75,796.31,13.60,5,1.0
256102.343000,hsv,352,1222.10,444.45,377.0,1151.57,413.62,31.23,1169.08,435.58,801.03,15.32,5,1.0
256102.390000,hsv,353,1224.41,461.62,376.0,1156.16,418.87,42.81,1178.13,449.52,817.65,23.22,5,1.0
256102.421000,hsv,354,1224.59,455.93,380.0,1159.15,422.46,33.47,1175.64,445.46,812.89,20.13,5,1.0
256102.453000,hsv,355,1224.41,461.62,380.0,1162.07,426.12,35.70,1178.13,449.52,817.65,23.22,5,1.0
256102.484000,hsv,356,1225.33,477.32,379.0,1164.92,429.86,47.84,1186.25,464.22,834.45,30.23,5,1.0
256102.515000,hsv,357,1226.98,470.25,381.0,1167.71,433.66,37.35,1182.89,457.83,827.23,25.83,5,1.0
256102.546000,hsv,358,1229.42,483.15,380.0,1170.42,437.53,46.39,1189.42,470.74,841.70,30.04,5,1.0
256102.578000,hsv,359,1229.74,473.19,378.0,1173.07,441.46,33.50,1185.15,462.08,832.04,25.40,5,1.0
256102.609000,hsv,360,1228.23,475.99,377.0,1175.64,445.46,33.79,1186.25,464.22,834.45,27.70,5,1.0
256102.640000,hsv,361,1231.07,476.08,379.0,1178.13,449.52,30.42,1186.25,464.22,834.45,25.83,5,1.0
256102.671000,hsv,362,1234.94,489.03,380.0,1180.55,453.65,38.18,1192.41,477.38,848.98,28.68,5,1.0
256102.703000,hsv,363,1237.74,490.54,380.0,1182.89,457.83,35.81,1193.37,479.62,851.42,27.34,5,1.0
256102.750000,hsv,364,1238.01,482.00,380.0,1186.25,464.22,25.12,1190.44,472.94,844.12,23.73,5,1.0
256102.781000,hsv,365,1243.66,483.61,380.0,1188.39,468.55,21.71,1191.44,475.15,846.55,20.52,5,1.0
256102.812000,hsv,366,1243.57,486.45,380.0,1190.44,472.94,22.32,1192.41,477.38,848.98,21.72,5,1.0
256102.843000,hsv,367,1249.22,488.06,381.0,1191.44,475.15,19.43,1194.30,481.87,853.85,18.45,5,1.0
256102.890000,hsv,368,1250.55,490.95,379.0,1194.30,481.87,18.73,1195.21,484.14,856.29,18.59,5,1.0
256102.921000,hsv,369,1257.62,492.60,381.0,1196.10,486.41,14.29,1196.96,488.70,861.19,14.29,5,1.0
256102.968000,hsv,370,1258.91,496.92,381.0,1198.63,493.32,14.89,1197.81,491.01,863.64,14.85,5,1.0
256103.000000,hsv,371,1264.51,499.95,377.0,1200.20,497.98,11.98,1199.43,495.64,868.55,11.85,5,1.0
256103.031000,hsv,372,1270.16,501.55,379.0,1201.69,502.68,9.13,1200.20,497.98,871.01,8.38,5,1.0
256103.062000,hsv,373,1271.41,507.29,380.0,1203.08,507.43,9.53,1202.39,505.05,878.42,9.12,5,1.0
256103.093000,hsv,374,1277.01,510.32,380.0,1204.38,512.22,6.89,1203.74,509.82,883.37,6.00,5,1.0
256103.125000,hsv,375,1281.10,516.15,381.0,1205.58,517.05,4.84,1204.99,514.63,888.34,4.43,5,1.0
256103.156000,hsv,376,1285.23,520.55,381.0,1206.69,521.91,3.08,1206.15,519.48,893.32,2.47,5,1.0
256103.187000,hsv,377,1286.48,526.29,382.0,1207.70,526.81,2.89,1207.70,526.81,900.82,2.89,5,1.0
256103.218000,hsv,378,1287.76,530.61,382.0,1208.61,531.75,3.01,1208.17,529.28,903.33,2.70,5,1.0
256103.250000,hsv,379,1289.01,536.35,378.0,1209.43,536.71,2.70,1209.43,536.71,910.87,2.70,5,1.0
256103.281000,hsv,380,1291.67,542.13,379.0,1210.14,541.70,1.45,1210.14,541.70,915.92,1.45,5,1.0
256103.312000,hsv,381,1292.87,549.30,380.0,1210.76,546.73,2.80,1211.03,549.25,923.51,1.38,5,1.0
256103.343000,hsv,382,1297.00,553.70,379.0,1211.27,551.77,2.43,1211.49,554.30,928.59,1.40,5,1.0
256103.375000,hsv,383,1299.58,562.33,382.0,1211.69,556.84,6.26,1212.00,561.93,936.23,2.72,5,1.0
256103.406000,hsv,384,1302.15,570.97,385.0,1212.00,561.93,10.15,1212.31,572.17,946.48,4.47,5,1.0
256103.437000,hsv,385,1307.40,585.38,383.0,1212.20,567.04,20.15,1212.11,585.05,959.36,8.45,5,1.0
256103.468000,hsv,386,1301.57,589.47,383.0,1212.31,572.17,17.73,1211.84,590.22,964.53,4.40,5,1.0
256103.500000,hsv,387,1305.88,588.18,386.0,1212.31,577.31,12.99,1211.99,587.63,961.94,7.44,5,1.0
256103.531000,hsv,388,1305.70,593.88,386.0,1212.20,582.47,13.43,1211.67,592.80,967.13,7.68,5,1.0
256103.562000,hsv,389,1306.99,598.19,386.0,1211.99,587.63,13.41,1211.25,597.98,972.32,9.00,5,1.0
256103.609000,hsv,390,1306.72,606.74,383.0,1211.47,595.39,14.21,1210.41,605.76,980.15,9.68,5,1.0
256103.656000,hsv,391,1308.05,609.63,385.0,1210.71,603.17,12.18,1210.08,608.35,982.76,11.03,5,1.0
256103.703000,hsv,392,1309.29,615.37,386.0,1209.72,610.95,13.03,1209.33,613.54,988.00,12.77,5,1.0
256103.734000,hsv,393,1310.44,623.95,385.0,1209.33,613.54,17.05,1208.01,621.31,995.88,15.06,5,1.0
256103.765000,hsv,394,1310.26,629.65,388.0,1208.48,618.72,17.93,1207.00,626.49,1001.16,16.02,5,1.0
256103.796000,hsv,395,1314.40,634.05,387.0,1207.52,623.90,20.91,1206.45,629.07,1003.80,19.98,5,1.0
256103.843000,hsv,396,1317.06,639.84,389.0,1205.87,631.65,23.40,1205.27,634.23,1009.09,23.21,5,1.0
256103.875000,hsv,397,1318.40,642.73,392.0,1204.64,636.81,24.87,1204.64,636.81,1011.75,24.87,5,1.0
256103.906000,hsv,398,1316.88,645.53,387.0,1203.30,641.95,24.62,1203.99,639.38,1014.40,24.46,5,1.0
256103.953000,hsv,399,1316.75,649.80,394.0,1201.09,649.64,26.47,1203.30,641.95,1017.06,25.50,5,1.0
256103.984000,hsv,400,1316.75,649.80,392.0,1199.48,654.74,28.51,1203.30,641.95,1017.06,25.50,5,1.0
256104.015000,hsv,401,1315.19,654.03,395.0,1197.76,659.82,29.21,1201.85,647.08,1022.39,25.50,5,1.0
256104.046000,hsv,402,1313.72,655.41,394.0,1195.94,664.88,30.84,1201.85,647.08,1022.39,24.87,5,1.0
256104.078000,hsv,403,1315.01,659.72,393.0,1194.01,669.92,33.82,1200.30,652.19,1027.73,27.03,5,1.0
256104.109000,hsv,404,1311.84,669.60,393.0,1191.97,674.92,32.36,1197.76,659.82,1035.77,27.89,5,1.0
256104.140000,hsv,405,1310.15,678.09,395.0,1189.82,679.90,32.84,1194.98,667.40,1043.85,29.62,5,1.0
256104.171000,hsv,406,1310.10,679.52,395.0,1187.57,684.84,35.41,1194.98,667.40,1043.85,30.13,5,1.0
256104.203000,hsv,407,1305.61,686.50,397.0,1185.21,689.75,34.15,1191.97,674.92,1051.95,29.60,5,1.0
256104.234000,hsv,408,1302.99,679.29,394.0,1182.74,694.62,37.75,1194.01,669.92,1046.54,25.05,5,1.0
256104.265000,hsv,409,1297.11,684.80,396.0,1180.17,699.46,35.80,1191.97,674.92,1051.95,23.09,5,1.0
256104.296000,hsv,410,1289.45,701.66,396.0,1177.50,704.25,29.70,1185.21,689.75,1068.25,24.91,5,1.0
256104.328000,hsv,411,1285.04,705.79,394.0,1174.72,709.00,29.24,1182.74,694.62,1073.71,23.82,5,1.0
256104.375000,hsv,412,1280.64,709.93,397.0,1170.36,716.04,30.73,1180.17,699.46,1079.19,22.85,5,1.0
256104.406000,hsv,413,1277.65,714.11,395.0,1167.32,720.67,31.61,1178.85,701.86,1081.93,22.94,5,1.0
256104.453000,hsv,414,1273.25,718.24,396.0,1162.58,727.52,33.66,1176.12,706.63,1087.42,22.11,5,1.0
256104.484000,hsv,415,1267.10,732.30,401.0,1159.29,732.02,31.03,1168.85,718.36,1101.22,25.60,5,1.0
256104.515000,hsv,416,1264.25,732.21,399.0,1155.91,736.46,32.56,1168.85,718.36,1101.22,23.78,5,1.0
256104.546000,hsv,417,1257.00,736.25,402.0,1152.42,740.85,30.67,1165.77,722.97,1106.77,21.56,5,1.0
256104.578000,hsv,418,1258.69,727.76,403.0,1148.84,745.17,39.25,1168.85,718.36,1101.22,17.84,5,1.0
256104.609000,hsv,419,1249.66,743.14,403.0,1147.02,747.31,30.51,1160.95,729.78,1115.11,21.07,5,1.0
256104.640000,hsv,420,1243.83,747.23,405.0,1143.29,751.54,29.89,1157.61,734.25,1120.69,20.03,5,1.0
256104.671000,hsv,421,1239.60,745.67,408.0,1139.47,755.70,31.85,1155.91,736.46,1123.48,16.58,5,1.0
256104.718000,hsv,422,1234.79,762.62,407.0,1133.57,761.81,32.53,1147.02,747.31,1137.51,24.46,5,1.0
256104.750000,hsv,423,1233.59,755.46,404.0,1129.52,765.80,37.14,1150.65,743.02,1131.89,19.14,5,1.0
256104.781000,hsv,424,1229.09,762.44,nan,1125.38,769.71,37.16,1145.17,749.43,1140.33,21.13,5,0.0
256104.812000,hsv,425,1220.37,767.86,nan,1121.15,773.55,34.60,1141.39,753.63,1145.97,19.88,5,0.0
256104.843000,hsv,426,1211.42,780.40,405.0,1116.83,777.31,31.88,1131.56,763.81,1160.13,23.76,5,1.0
256104.875000,hsv,427,1204.12,785.87,400.0,1112.43,780.99,31.05,1127.46,767.76,1165.82,23.92,5,1.0
256104.906000,hsv,428,1194.07,788.40,nan,1107.94,784.59,27.87,1121.15,773.55,1174.38,20.69,5,0.0
256104.937000,hsv,429,1188.65,779.68,nan,1103.37,788.10,29.35,1123.27,771.64,1171.53,11.49,5,0.0
256104.968000,hsv,430,1175.47,790.66,nan,1098.72,791.54,22.90,1112.43,780.99,1185.85,13.33,5,0.0
256105.000000,hsv,431,1167.07,786.12,nan,1093.99,794.88,23.05,1112.43,780.99,1185.85,5.87,5,0.0
256105.031000,hsv,432,1155.41,794.29,nan,1089.17,798.13,17.80,1103.37,788.10,1197.37,6.96,5,0.0
256105.078000,hsv,433,1143.57,808.17,nan,1081.82,802.84,16.73,1091.59,796.52,1211.84,13.14,5,0.0
256105.109000,hsv,434,1135.02,807.90,407.0,1076.82,805.87,14.59,1086.74,799.73,1217.66,9.34,5,1.0
256105.156000,hsv,435,1127.91,807.67,nan,1069.18,810.23,16.94,1081.82,802.84,1223.49,6.34,5,0.0
256105.187000,hsv,436,1119.27,810.25,nan,1064.00,813.01,15.70,1076.82,805.87,1229.33,5.11,5,0.0
256105.218000,hsv,437,1116.29,814.43,nan,1058.76,815.69,18.50,1074.29,807.35,1232.26,7.66,5,0.0
256105.250000,hsv,438,1100.59,815.35,414.0,1053.45,818.28,12.34,1064.00,813.01,1244.00,2.75,5,1.0
256105.281000,hsv,439,1097.70,816.68,nan,1048.08,820.76,15.73,1061.39,814.36,1246.94,2.99,5,0.0
256105.312000,hsv,440,1089.20,814.99,nan,1042.64,823.14,16.42,1058.76,815.69,1249.89,1.99,5,0.0
256105.359000,hsv,441,1081.90,820.46,412.0,1034.37,826.50,18.09,1050.77,819.53,1258.76,1.13,5,1.0
256105.375000,hsv,442,1069.00,822.90,nan,1031.59,827.57,11.18,1042.64,823.14,1267.65,0.92,5,0.0
256105.406000,hsv,443,1066.15,822.81,410.0,1025.98,829.63,15.25,1039.90,824.29,1270.62,1.51,5,1.0
256105.437000,hsv,444,1060.37,825.47,410.0,1020.32,831.58,16.16,1034.37,826.50,1276.58,1.37,5,1.0
256105.468000,hsv,445,1053.20,826.67,408.0,1017.46,832.51,13.74,1031.59,827.57,1279.56,1.91,5,1.0
256105.500000,hsv,446,1040.39,826.26,412.0,1011.72,834.29,11.74,1023.15,830.62,1288.53,5.21,5,1.0
256105.546000,hsv,447,1031.76,828.84,409.0,1003.02,836.75,13.38,1014.60,833.41,1297.53,4.64,5,1.0
256105.578000,hsv,448,1023.26,827.14,410.0,997.17,838.24,15.13,1008.84,835.14,1303.54,8.11,5,1.0
256105.609000,hsv,449,1017.71,822.69,411.0,991.27,839.62,20.76,1005.94,835.96,1306.56,13.53,5,1.0
256105.640000,hsv,450,1009.21,820.99,413.0,985.33,840.89,23.02,1000.10,837.51,1312.59,16.82,5,1.0
256105.671000,hsv,451,1003.74,813.70,411.0,979.35,842.03,31.37,1000.10,837.51,1312.59,24.91,5,1.0
256105.703000,hsv,452,991.99,824.72,410.0,973.34,843.06,21.21,988.30,840.27,1324.71,16.13,5,1.0
256105.765000,hsv,453,990.79,817.56,411.0,961.21,844.75,34.90,988.30,840.27,1324.71,23.30,5,1.0
256105.796000,hsv,454,989.33,818.94,411.0,955.11,845.41,37.73,985.33,840.89,1327.75,22.20,5,1.0
256105.828000,hsv,455,993.28,829.04,411.0,948.98,845.95,39.76,988.30,840.27,1324.71,11.72,5,1.0
256105.859000,hsv,456,991.67,834.69,409.0,942.82,846.37,42.57,985.33,840.89,1327.75,6.40,5,1.0
256105.890000,hsv,457,981.98,825.83,413.0,936.64,846.66,44.96,979.35,842.03,1333.84,16.45,5,1.0
256105.921000,hsv,458,977.53,831.39,414.0,930.45,846.83,45.41,976.35,842.56,1336.88,11.62,5,1.0
256105.968000,hsv,459,964.67,832.40,416.0,921.13,846.85,44.77,964.26,844.37,1349.11,11.99,5,1.0
256106.000000,hsv,460,954.39,842.05,415.0,914.89,846.70,41.16,955.11,845.41,1358.32,3.43,5,1.0
256106.031000,hsv,461,947.18,844.67,416.0,908.65,846.43,41.77,948.98,845.95,1364.48,1.91,5,1.0
256106.062000,hsv,462,938.87,837.28,419.0,902.41,846.03,42.65,945.90,846.18,1367.56,9.06,5,1.0
256106.125000,hsv,463,938.55,847.25,415.0,889.90,844.84,54.07,942.82,846.37,1370.65,1.40,5,1.0
256106.156000,hsv,464,934.46,841.42,416.0,883.65,844.06,57.26,939.73,846.53,1373.74,5.23,5,1.0
256106.187000,hsv,465,921.38,849.55,416.0,877.40,843.15,54.02,930.45,846.83,1383.03,2.78,5,1.0
256106.218000,hsv,466,917.20,846.57,416.0,871.16,842.11,56.92,927.34,846.87,1386.13,0.63,5,1.0
256106.250000,hsv,467,898.65,847.40,421.0,864.92,840.94,49.49,914.89,846.70,1398.58,1.15,5,1.0
256106.281000,hsv,468,897.22,847.36,419.0,858.70,839.64,54.77,911.78,846.58,1401.70,1.38,5,1.0
256106.312000,hsv,469,888.68,847.09,419.0,852.49,838.21,54.75,905.53,846.24,1407.96,1.29,5,1.0
256106.343000,hsv,470,875.83,848.10,417.0,849.39,837.45,48.66,896.16,845.50,1417.36,2.70,5,1.0
256106.375000,hsv,471,873.11,843.74,416.0,843.21,835.83,52.23,896.16,845.50,1417.36,2.20,5,1.0
256106.406000,hsv,472,858.88,843.29,417.0,837.04,834.08,48.01,883.65,844.06,1429.95,0.93,5,1.0
256106.437000,hsv,473,853.19,843.11,417.0,830.90,832.20,50.18,880.52,843.62,1433.11,0.82,5,1.0
256106.484000,hsv,474,844.73,839.99,418.0,821.74,829.15,52.93,874.28,842.64,1439.43,2.75,5,1.0
256106.515000,hsv,475,840.60,835.58,418.0,815.67,826.95,55.45,868.04,841.54,1445.77,6.43,5,1.0
256106.562000,hsv,476,834.72,841.10,417.0,806.63,823.41,61.99,864.92,840.94,1448.94,1.13,5,1.0
256106.593000,hsv,477,826.18,840.82,417.0,800.65,820.90,62.26,858.70,839.64,1455.30,1.51,5,1.0
256106.625000,hsv,478,819.11,839.17,418.0,794.71,818.26,63.19,855.59,838.94,1458.48,1.28,5,1.0
256106.656000,hsv,479,807.81,835.96,419.0,788.81,815.49,60.62,846.29,836.66,1468.06,0.82,5,1.0
256106.687000,hsv,480,800.65,837.16,417.0,782.95,812.60,62.56,840.12,834.97,1474.46,2.22,5,1.0
256106.718000,hsv,481,787.93,833.91,418.0,777.14,809.58,59.05,830.90,832.20,1484.08,1.71,5,1.0
256106.750000,hsv,482,779.39,833.64,418.0,771.38,806.44,59.71,824.79,830.20,1490.52,3.45,5,1.0
256106.796000,hsv,483,766.67,830.38,421.0,762.84,801.50,59.62,815.67,826.95,1500.19,3.50,5,1.0
256106.828000,hsv,484,756.70,830.06,420.0,757.22,798.06,59.63,809.64,824.62,1506.66,5.84,5,1.0
256106.859000,hsv,485,745.40,826.86,420.0,751.65,794.49,57.39,800.65,820.90,1516.39,6.17,5,1.0
256106.890000,hsv,486,735.53,823.69,419.0,746.15,790.81,56.13,794.71,818.26,1522.90,6.24,5,1.0
256106.921000,hsv,487,727.08,820.57,418.0,740.71,787.01,55.82,788.81,815.49,1529.41,6.17,5,1.0
256106.953000,hsv,488,721.39,820.39,417.0,735.34,783.09,58.99,785.87,814.06,1532.68,7.96,5,1.0
256106.984000,hsv,489,711.51,817.23,416.0,730.04,779.05,57.95,777.14,809.58,1542.49,8.41,5,1.0
256107.015000,hsv,490,701.64,814.06,418.0,724.81,774.90,57.00,771.38,806.44,1549.05,9.20,5,1.0
256107.046000,hsv,491,691.81,809.48,419.0,719.66,770.63,55.19,762.84,801.50,1558.92,8.91,5,1.0
256107.078000,hsv,492,681.98,804.89,419.0,714.58,766.25,53.43,757.22,798.06,1565.51,8.92,5,1.0
256107.109000,hsv,493,672.15,800.30,417.0,709.58,761.76,51.75,748.90,792.67,1575.43,9.01,5,1.0
256107.140000,hsv,494,663.84,792.91,419.0,704.66,757.16,48.80,740.71,787.01,1585.38,6.55,5,1.0
256107.171000,hsv,495,655.52,785.52,417.0,702.23,754.82,42.51,735.34,783.09,1592.02,4.43,5,1.0
256107.203000,hsv,496,645.74,779.51,416.0,695.08,747.64,43.24,727.42,776.99,1602.03,4.01,5,1.0
256107.234000,hsv,497,636.00,772.08,419.0,692.74,745.20,36.21,719.66,770.63,1612.06,3.03,5,1.0
256107.265000,hsv,498,626.26,764.64,417.0,688.12,740.23,32.58,712.07,764.02,1622.12,2.45,5,1.0
256107.312000,hsv,499,616.52,757.21,418.0,681.38,732.58,32.38,704.66,757.16,1632.22,2.27,5,1.0
256107.343000,hsv,500,606.78,749.77,416.0,677.00,727.35,28.81,695.08,747.64,1645.73,2.13,5,1.0
256107.375000,hsv,501,598.47,742.38,420.0,672.72,722.03,25.97,690.42,742.72,1652.50,1.60,5,1.0
256107.406000,hsv,502,588.73,734.95,413.0,668.53,716.61,22.49,683.60,735.15,1662.69,2.06,5,1.0
256107.453000,hsv,503,578.95,728.94,415.0,662.45,708.31,23.75,677.00,727.35,1672.91,3.21,5,1.0
256107.468000,hsv,504,570.59,722.97,414.0,660.48,705.49,19.01,670.61,719.33,1683.16,4.52,5,1.0
256107.500000,hsv,505,560.85,715.54,nan,656.61,699.80,16.25,664.45,711.10,1693.44,5.86,5,0.0
256107.546000,hsv,506,552.53,708.15,nan,651.01,691.08,17.40,660.48,705.49,1700.32,6.63,5,0.0
256107.578000,hsv,507,544.22,700.76,405.0,647.42,685.17,15.61,654.72,696.91,1710.65,7.60,5,1.0
256107.609000,hsv,508,535.95,691.95,410.0,643.93,679.17,12.93,649.20,688.14,1721.02,8.18,5,1.0
256107.640000,hsv,509,529.01,686.03,405.0,640.57,673.09,13.48,645.66,682.18,1727.95,9.70,5,1.0
256107.687000,hsv,510,523.54,678.73,nan,635.74,663.83,15.22,640.57,673.09,1738.37,9.71,5,0.0
256107.718000,hsv,511,518.08,671.43,nan,632.67,657.55,14.47,637.32,666.93,1745.33,9.85,5,0.0
256107.750000,hsv,512,512.61,664.13,398.0,629.72,651.21,13.96,634.19,660.70,1752.31,10.32,5,1.0
256107.781000,hsv,513,505.72,656.79,410.0,626.89,644.79,14.21,629.72,651.21,1762.80,11.83,5,1.0
256107.812000,hsv,514,501.67,649.53,407.0,624.19,638.30,13.75,626.89,644.79,1769.81,11.65,5,1.0
256107.843000,hsv,515,497.67,640.86,404.0,621.62,631.75,12.36,624.19,638.30,1776.84,11.23,5,1.0
256107.875000,hsv,516,493.72,630.76,408.0,619.17,625.13,10.51,620.38,628.45,1787.40,10.35,5,1.0
256107.906000,hsv,517,489.72,622.08,404.0,616.86,618.46,10.23,616.86,618.46,1798.00,10.23,5,1.0
256107.953000,hsv,518,484.30,613.36,405.0,613.63,608.33,11.55,613.63,608.33,1808.63,11.55,5,1.0
256107.984000,hsv,519,480.35,603.26,400.0,611.64,601.51,11.51,611.64,601.51,1815.73,11.51,5,1.0
256108.015000,hsv,520,474.92,594.53,401.0,609.79,594.64,13.60,608.91,591.19,1826.41,13.15,5,1.0
256108.046000,hsv,521,469.55,584.39,399.0,608.91,591.19,18.08,606.49,580.75,1837.12,14.79,5,1.0
256108.078000,hsv,522,464.21,572.82,nan,607.26,584.24,22.26,604.38,570.22,1847.86,16.43,5,0.0
256108.109000,hsv,523,460.30,561.29,399.0,605.75,577.25,26.00,602.59,559.60,1858.64,17.44,5,1.0
256108.140000,hsv,524,454.93,551.15,401.0,604.38,570.22,30.02,601.11,548.89,1869.44,20.04,5,1.0
256108.171000,hsv,525,450.97,541.05,398.0,603.15,563.15,33.31,599.95,538.12,1880.28,21.92,5,1.0
256108.203000,hsv,526,445.60,530.90,397.0,602.06,556.04,37.52,599.36,530.90,1887.52,25.17,5,1.0
256108.250000,hsv,527,441.64,520.80,391.0,600.69,545.31,38.32,598.75,520.03,1898.41,27.53,5,1.0
256108.281000,hsv,528,437.69,510.70,398.0,599.95,538.12,41.90,598.47,509.11,1909.33,30.24,5,1.0
256108.312000,hsv,529,433.74,500.60,405.0,599.36,530.90,45.59,598.46,501.82,1916.63,33.18,5,1.0
256108.359000,hsv,530,431.11,493.39,395.0,598.75,520.03,44.32,598.60,494.51,1923.94,35.28,5,1.0
256108.390000,hsv,531,428.58,483.34,392.0,598.53,512.76,47.34,598.89,487.19,1931.26,37.65,5,1.0
256108.421000,hsv,532,428.81,476.22,397.0,598.45,505.47,47.04,599.33,479.86,1938.60,37.90,5,1.0
256108.453000,hsv,533,428.99,470.53,397.0,598.51,498.16,46.00,599.92,472.53,1945.96,38.22,5,1.0
256108.484000,hsv,534,430.64,463.45,391.0,598.73,490.85,45.04,600.27,468.87,1949.64,37.67,5,1.0
256108.515000,hsv,535,432.25,457.80,393.0,599.09,483.52,43.36,601.08,461.54,1957.01,37.08,5,1.0
256108.546000,hsv,536,433.85,452.16,393.0,599.60,476.20,41.82,601.54,457.87,1960.70,36.60,5,1.0
256108.578000,hsv,537,436.88,446.55,393.0,600.27,468.87,39.51,602.57,450.55,1968.10,35.14,5,1.0
256108.625000,hsv,538,441.33,440.99,389.0,601.54,457.87,34.89,603.15,446.89,1971.80,32.68,5,1.0
256108.656000,hsv,539,444.31,436.81,393.0,602.57,450.55,32.39,603.76,443.24,1975.51,31.19,5,1.0
256108.687000,hsv,540,447.39,429.79,396.0,603.76,443.24,31.26,605.09,435.94,1982.93,30.18,5,1.0
256108.718000,hsv,541,450.51,421.34,383.0,605.09,435.94,30.88,606.58,428.65,1990.37,29.61,5,1.0
256108.765000,hsv,542,452.16,414.26,382.0,607.38,425.01,30.23,608.21,421.38,1997.82,29.95,5,1.0
256108.796000,hsv,543,456.70,405.86,378.0,609.08,417.75,29.10,609.99,414.13,2005.29,28.69,5,1.0
256108.828000,hsv,544,461.24,397.45,382.0,610.94,410.51,28.22,612.95,403.30,2016.51,27.65,5,1.0
256108.875000,hsv,545,465.83,387.62,379.0,614.01,399.71,27.44,615.11,396.12,2024.01,27.10,5,1.0
256108.890000,hsv,546,470.32,380.64,382.0,615.11,396.12,27.20,617.41,388.97,2031.52,26.04,5,1.0
256108.921000,hsv,547,476.29,372.28,379.0,616.24,392.54,27.79,619.87,381.85,2039.05,24.59,5,1.0
256108.953000,hsv,548,480.79,365.30,376.0,618.62,385.41,27.01,622.47,374.78,2046.59,23.84,5,1.0
256108.984000,hsv,549,485.42,354.05,375.0,621.15,378.31,29.67,626.65,364.24,2057.93,24.78,5,1.0
256109.015000,hsv,550,490.05,342.80,371.0,623.83,371.25,32.79,631.16,353.80,2069.30,26.06,5,1.0
256109.046000,hsv,551,493.26,331.50,374.0,626.65,364.24,36.75,635.99,343.47,2080.70,28.67,5,1.0
256109.078000,hsv,552,496.52,318.78,375.0,629.62,357.27,42.17,641.15,333.27,2092.13,32.21,5,1.0
256109.109000,hsv,553,499.86,303.21,375.0,632.73,350.34,50.40,646.63,323.20,2103.60,37.51,5,1.0
256109.140000,hsv,554,503.07,291.91,368.0,635.99,343.47,54.85,652.43,313.28,2115.09,41.12,5,1.0
256109.171000,hsv,555,506.28,280.61,365.0,639.40,336.66,59.40,658.55,303.51,2126.62,45.08,5,1.0
256109.218000,hsv,556,510.91,269.36,364.0,644.77,326.54,61.12,662.79,297.08,2134.32,48.35,5,1.0
256109.265000,hsv,557,516.97,258.15,370.0,650.46,316.57,62.69,669.42,287.59,2145.90,51.04,5,1.0
256109.296000,hsv,558,525.87,247.04,367.0,654.44,310.00,66.08,676.35,278.27,2157.51,52.30,5,1.0
256109.328000,hsv,559,537.62,236.01,361.0,658.55,303.51,69.22,683.58,269.15,2169.15,52.22,5,1.0
256109.359000,hsv,560,550.71,227.88,362.0,662.79,297.08,69.89,691.10,260.22,2180.82,49.96,5,1.0
256109.390000,hsv,561,563.70,222.59,363.0,667.18,290.73,68.29,696.27,254.39,2188.62,46.19,5,1.0
256109.421000,hsv,562,576.69,217.30,360.0,671.70,284.46,67.17,704.27,245.81,2200.35,42.67,5,1.0
256109.453000,hsv,563,591.06,213.49,nan,676.35,278.27,65.16,709.76,240.22,2208.18,37.61,5,0.0
256109.484000,hsv,564,602.54,211.00,nan,681.14,272.17,62.11,715.36,234.73,2216.03,33.37,5,0.0
256109.515000,hsv,565,614.02,208.52,nan,686.05,266.15,59.42,721.09,229.34,2223.89,29.28,5,0.0
256109.546000,hsv,566,625.45,207.45,nan,691.10,260.22,55.75,724.00,226.69,2227.83,24.34,5,0.0
256109.578000,hsv,567,634.13,203.45,360.0,696.27,254.39,54.47,729.90,221.46,2235.71,23.00,5,1.0
256109.625000,hsv,568,641.25,203.68,354.0,704.27,245.81,45.31,732.90,218.89,2239.66,19.35,5,1.0
256109.656000,hsv,569,649.79,203.95,353.0,709.76,240.22,40.30,735.92,216.35,2243.61,15.08,5,1.0
256109.687000,hsv,570,658.38,202.80,347.0,715.36,234.73,36.86,742.05,211.35,2251.52,11.89,5,1.0
256109.718000,hsv,571,668.34,203.12,348.0,721.09,229.34,33.08,745.16,208.89,2255.48,6.97,5,1.0
256109.750000,hsv,572,678.35,202.01,345.0,726.94,224.06,31.03,751.45,204.07,2263.41,3.39,5,1.0
256109.781000,hsv,573,689.78,200.95,345.0,732.90,218.89,30.32,757.86,199.36,2271.36,1.67,5,1.0
256109.812000,hsv,574,699.79,199.84,345.0,735.92,216.35,33.30,761.10,197.06,2275.34,4.67,5,1.0
256109.859000,hsv,575,708.34,200.11,341.0,745.16,208.89,27.53,767.66,192.53,2283.30,8.39,5,1.0
256109.890000,hsv,576,717.01,196.12,343.0,751.45,204.07,27.48,774.32,188.14,2291.28,8.69,5,1.0
256109.921000,hsv,577,727.02,195.01,347.0,757.86,199.36,27.75,777.68,185.99,2295.28,11.78,5,1.0
256109.953000,hsv,578,737.03,193.90,347.0,764.36,194.78,28.42,784.49,181.78,2303.28,14.68,5,1.0
256110.000000,hsv,579,747.04,192.80,343.0,774.32,188.14,26.38,791.40,177.71,2311.30,17.51,5,1.0
256110.031000,hsv,580,757.10,190.27,345.0,781.08,183.87,27.50,798.39,173.77,2319.33,19.00,5,1.0
256110.062000,hsv,581,768.53,189.20,341.0,787.93,179.73,30.00,805.48,169.97,2327.37,22.12,5,1.0
256110.093000,hsv,582,778.59,186.67,340.0,794.88,175.72,31.05,812.65,166.30,2335.43,23.29,5,1.0
256110.125000,hsv,583,790.02,185.61,344.0,801.92,171.85,33.54,819.91,162.77,2343.50,26.09,5,1.0
256110.156000,hsv,584,802.97,181.75,341.0,809.06,168.12,35.86,830.96,157.74,2355.63,26.52,5,1.0
256110.187000,hsv,585,815.96,176.46,347.0,816.27,164.52,37.64,842.17,153.04,2367.80,25.39,5,1.0
256110.218000,hsv,586,828.95,171.18,347.0,823.57,161.06,39.46,853.56,148.67,2379.99,23.94,5,1.0
256110.250000,hsv,587,843.37,165.93,342.0,830.96,157.74,42.37,865.10,144.63,2392.22,22.56,5,1.0
256110.281000,hsv,588,856.32,162.07,342.0,838.41,154.57,44.46,876.79,140.93,2404.48,21.83,5,1.0
256110.312000,hsv,589,867.84,158.16,342.0,845.95,151.55,45.42,884.65,138.66,2412.67,20.47,5,1.0
256110.343000,hsv,590,877.94,154.21,343.0,853.56,148.67,45.24,892.58,136.54,2420.87,18.62,5,1.0
256110.375000,hsv,591,888.04,150.26,342.0,861.24,145.94,45.00,900.56,134.58,2429.09,16.60,5,1.0
256110.406000,hsv,592,896.72,146.26,340.0,868.98,143.36,43.66,908.59,132.78,2437.32,14.04,5,1.0
256110.437000,hsv,593,906.77,143.73,341.0,876.79,140.93,43.38,916.67,131.14,2445.57,13.04,5,1.0
256110.468000,hsv,594,918.30,139.82,341.0,884.65,138.66,44.08,928.88,128.98,2457.96,10.84,5,1.0
256110.500000,hsv,595,928.35,137.29,342.0,892.58,136.54,43.69,932.97,128.34,2462.10,9.54,5,1.0
256110.531000,hsv,596,939.88,133.38,342.0,900.56,134.58,44.36,945.29,126.66,2474.54,6.73,5,1.0
256110.578000,hsv,597,951.45,128.05,343.0,912.63,131.94,41.14,953.55,125.75,2482.85,2.30,5,1.0
256110.593000,hsv,598,965.82,124.23,337.0,916.67,131.14,48.19,965.99,124.69,2495.34,1.69,5,1.0
256110.640000,hsv,599,978.72,121.79,342.0,928.88,128.98,45.73,974.32,124.20,2503.68,2.42,5,1.0
256110.671000,hsv,600,992.96,122.24,341.0,932.97,128.34,52.11,982.67,123.87,2512.04,2.61,5,1.0
256110.703000,hsv,601,1007.19,122.70,332.0,941.17,127.18,54.41,995.23,123.69,2524.60,1.01,5,1.0
256110.750000,hsv,602,1019.91,125.95,337.5,953.55,125.75,51.39,1003.62,123.78,2532.99,2.54,5,1.0
256110.796000,hsv,603,1032.68,127.78,341.0,965.99,124.69,48.62,1016.23,124.23,2545.61,3.94,5,1.0
256110.828000,hsv,604,1043.98,130.99,336.0,974.32,124.20,49.13,1024.64,124.75,2554.03,6.46,5,1.0
256110.859000,hsv,605,1055.32,132.78,337.0,982.67,123.87,49.63,1033.05,125.44,2562.47,7.50,5,1.0
256110.890000,hsv,606,1065.19,135.94,nan,991.04,123.71,49.39,1041.46,126.29,2570.93,9.98,5,0.0
256110.921000,hsv,607,1072.31,136.17,336.0,999.43,123.71,46.51,1045.67,126.79,2575.16,9.49,5,1.0
256110.953000,hsv,608,1079.43,136.39,338.0,1007.82,123.89,43.58,1049.87,127.32,2579.40,9.07,5,1.0
256111.000000,hsv,609,1084.99,140.84,337.0,1020.43,124.47,37.11,1054.07,127.90,2583.64,12.95,5,1.0
256111.031000,hsv,610,1093.62,138.27,333.0,1028.85,125.07,34.03,1062.46,129.18,2592.13,9.36,5,1.0
256111.062000,hsv,611,1100.78,137.07,333.0,1037.26,125.84,30.47,1066.65,129.89,2596.38,7.26,5,1.0
256111.093000,hsv,612,1106.52,135.83,334.0,1045.67,126.79,25.86,1070.84,130.64,2600.63,5.27,5,1.0
256111.125000,hsv,613,1112.26,134.59,333.0,1054.07,127.90,21.21,1075.02,131.43,2604.89,3.26,5,1.0
256111.156000,hsv,614,1116.53,134.72,332.0,1062.46,129.18,15.93,1079.20,132.27,2609.15,3.05,5,1.0
256111.187000,hsv,615,1119.33,136.24,331.0,1070.84,130.64,10.31,1079.20,132.27,2609.15,3.98,5,1.0
256111.218000,hsv,616,1123.69,133.52,332.0,1079.20,132.27,3.78,1083.37,133.14,2613.41,0.71,5,1.0
256111.250000,hsv,617,1129.57,128.01,335.0,1087.54,134.06,6.06,1087.54,134.06,2617.68,6.06,5,1.0
256111.281000,hsv,618,1135.31,126.77,340.0,1095.86,136.03,10.25,1091.70,135.03,2621.95,8.26,5,1.0
256111.312000,hsv,619,1139.53,128.33,333.0,1104.15,138.17,13.68,1091.70,135.03,2621.95,7.32,5,1.0
256111.343000,hsv,620,1145.32,125.66,336.0,1112.40,140.48,19.99,1095.86,136.03,2626.23,10.83,5,1.0
256111.375000,hsv,621,1152.48,124.47,335.0,1120.62,142.96,24.63,1100.01,137.08,2630.50,13.35,5,1.0
256111.406000,hsv,622,1161.02,124.74,330.0,1128.81,145.61,27.59,1108.28,139.31,2639.07,14.78,5,1.0
256111.453000,hsv,623,1168.05,127.81,331.0,1141.00,149.90,33.33,1112.40,140.48,2643.36,13.18,5,1.0
256111.484000,hsv,624,1176.46,132.35,334.0,1149.08,152.97,33.76,1120.62,142.96,2651.95,10.75,5,1.0
256111.515000,hsv,625,1189.18,135.61,336.0,1157.10,156.20,32.56,1128.81,145.61,2660.55,10.46,5,1.0
256111.546000,hsv,626,1196.07,142.95,337.0,1161.09,157.88,28.30,1136.95,148.42,2669.16,5.47,5,1.0
256111.578000,hsv,627,1207.23,150.43,339.0,1169.03,161.37,26.02,1145.05,151.41,2677.79,1.05,5,1.0
256111.609000,hsv,628,1216.92,159.29,335.0,1176.91,165.02,24.89,1153.09,154.56,2686.44,4.74,5,1.0
256111.656000,hsv,629,1227.99,169.62,337.0,1188.61,170.80,27.64,1165.07,159.60,2699.43,10.81,5,1.0
256111.671000,hsv,630,1238.98,182.79,337.0,1192.48,172.81,25.30,1176.91,165.02,2712.45,19.36,5,1.0
256111.703000,hsv,631,1247.20,193.03,335.0,1200.16,176.95,29.53,1188.61,170.80,2725.50,25.86,5,1.0
256111.750000,hsv,632,1256.80,204.73,337.0,1211.55,183.46,35.93,1200.16,176.95,2738.59,32.87,5,1.0
256111.781000,hsv,633,1267.96,212.21,340.0,1219.05,187.99,37.07,1207.77,181.25,2747.33,35.23,5,1.0
256111.812000,hsv,634,1279.13,219.69,342.0,1226.46,192.69,38.27,1219.05,187.99,2760.47,37.32,5,1.0
256111.843000,hsv,635,1290.24,228.59,341.0,1233.79,197.54,40.57,1230.14,195.10,2773.64,40.33,5,1.0
256111.875000,hsv,636,1302.74,238.97,342.0,1241.03,202.55,43.60,1241.03,202.55,2786.84,43.60,5,1.0
256111.906000,hsv,637,1315.32,246.49,339.0,1248.18,207.71,44.44,1251.72,210.34,2800.07,44.08,5,1.0
256111.953000,hsv,638,1325.06,253.93,342.0,1258.73,215.73,45.62,1262.20,218.48,2813.33,45.42,5,1.0
256111.984000,hsv,639,1336.27,259.98,340.0,1265.64,221.26,45.26,1272.45,226.94,2826.63,44.79,5,1.0
256112.015000,hsv,640,1341.69,268.70,343.0,1272.45,226.94,49.29,1279.15,232.77,2835.51,48.71,5,1.0
256112.046000,hsv,641,1351.61,270.44,343.0,1279.15,232.77,45.46,1282.46,235.73,2839.95,45.07,5,1.0
256112.078000,hsv,642,1361.53,272.19,342.0,1285.75,238.74,41.52,1289.00,241.77,2848.86,41.24,5,1.0
256112.109000,hsv,643,1367.18,273.79,342.0,1292.23,244.85,39.48,1292.23,244.85,2853.31,39.48,5,1.0
256112.140000,hsv,644,1377.01,278.38,343.0,1298.60,251.10,37.58,1298.60,251.10,2862.23,37.58,5,1.0
256112.171000,hsv,645,1386.93,280.12,342.0,1304.85,257.48,33.47,1304.85,257.48,2871.17,33.47,5,1.0
256112.203000,hsv,646,1396.80,283.28,344.0,1310.98,264.00,30.30,1310.98,264.00,2880.12,30.30,5,1.0
256112.234000,hsv,647,1408.19,283.64,342.0,1316.99,270.65,24.56,1314.00,267.31,2884.60,24.20,5,1.0
256112.281000,hsv,648,1415.13,289.56,345.0,1325.76,280.88,25.92,1319.95,274.03,2893.57,24.23,5,1.0
256112.296000,hsv,649,1427.80,294.24,345.0,1328.62,284.35,20.34,1325.76,280.88,2902.56,20.03,5,1.0
256112.343000,hsv,650,1434.65,303.01,nan,1337.01,294.95,22.51,1334.25,291.38,2916.06,21.65,5,0.0
256112.375000,hsv,651,1445.81,310.49,343.0,1342.43,302.17,19.89,1339.73,298.54,2925.08,19.47,5,1.0
256112.406000,hsv,652,1451.19,320.64,344.0,1347.71,309.50,22.30,1347.71,309.50,2938.64,22.30,5,1.0
256112.437000,hsv,653,1463.68,331.01,344.0,1350.30,313.22,21.76,1355.37,320.73,2952.23,20.39,5,1.0
256112.468000,hsv,654,1470.53,339.77,345.0,1355.37,320.73,22.77,1360.29,328.35,2961.30,20.81,5,1.0
256112.500000,hsv,655,1480.18,350.06,348.0,1360.29,328.35,23.96,1367.40,339.99,2974.94,19.99,5,1.0
256112.531000,hsv,656,1489.82,360.34,348.0,1365.07,336.08,25.45,1374.17,351.87,2988.61,18.82,5,1.0
256112.578000,hsv,657,1500.85,372.09,345.0,1371.95,347.88,25.02,1380.60,363.97,3002.32,17.02,5,1.0
256112.609000,hsv,658,1504.67,386.46,347.0,1376.35,355.88,31.58,1386.67,376.29,3016.05,20.82,5,1.0
256112.656000,hsv,659,1511.51,395.23,348.0,1382.66,368.05,28.63,1392.38,388.81,3029.82,19.81,5,1.0
256112.687000,hsv,660,1521.30,401.24,348.0,1386.67,376.29,25.59,1395.98,397.27,3039.01,15.52,5,1.0
256112.718000,hsv,661,1526.72,409.96,352.0,1390.52,384.62,25.93,1399.42,405.82,3048.22,14.96,5,1.0
256112.750000,hsv,662,1537.97,414.59,350.0,1394.20,393.03,21.57,1401.07,410.12,3052.83,8.81,5,1.0
256112.781000,hsv,663,1546.29,421.98,351.0,1397.72,401.54,20.54,1404.26,418.78,3062.06,5.56,5,1.0
256112.812000,hsv,664,1556.16,425.15,351.0,1401.07,410.12,16.20,1407.27,427.52,3071.30,2.38,5,1.0
256112.859000,hsv,665,1563.14,429.64,351.0,1405.79,423.14,9.24,1408.72,431.92,3075.93,4.29,5,1.0
256112.890000,hsv,666,1573.02,432.81,350.0,1408.72,431.92,11.08,1410.12,436.33,3080.56,10.27,5,1.0
256112.937000,hsv,667,1580.00,437.30,353.0,1412.78,445.21,14.55,1411.47,440.76,3085.19,13.96,5,1.0
256112.968000,hsv,668,1585.51,443.18,354.0,1415.28,454.15,17.68,1414.05,449.67,3094.47,16.42,5,1.0
256113.000000,hsv,669,1592.40,450.52,354.0,1417.59,463.16,20.95,1415.28,454.15,3099.12,19.37,5,1.0
256113.031000,hsv,670,1597.87,457.82,353.0,1419.73,472.22,23.58,1417.59,463.16,3108.42,21.48,5,1.0
256113.062000,hsv,671,1601.83,467.92,355.0,1421.69,481.34,23.82,1419.73,472.22,3117.73,22.06,5,1.0
256113.093000,hsv,672,1607.29,475.22,356.0,1423.47,490.51,26.80,1421.69,481.34,3127.06,24.56,5,1.0
256113.125000,hsv,673,1612.58,488.21,356.0,1425.06,499.73,26.96,1423.47,490.51,3136.40,26.07,5,1.0
256113.156000,hsv,674,1617.87,501.21,357.0,1426.47,508.99,28.03,1425.79,504.36,3150.44,27.79,5,1.0
256113.187000,hsv,675,1621.78,512.73,360.0,1427.70,518.30,29.17,1427.70,518.30,3164.51,29.17,5,1.0
256113.218000,hsv,676,1625.77,521.41,360.0,1428.74,527.64,31.22,1428.24,522.96,3169.20,31.13,5,1.0
256113.250000,hsv,677,1628.39,528.62,359.0,1429.59,537.01,32.80,1429.19,532.32,3178.61,32.32,5,1.0
